year,Annual,DJFM,DJF,MAM,JJA,SON,Jan,Feb,Mar,Apr,May,Jun,Jul,Aug,Sep,Oct,Nov,Dec
1747,NA,NA,NA,NA,NA,NA,NA,NA,NA,NA,NA,NA,NA,NA,NA,NA,NA,NA
1748,-0.265,NA,NA,-0.46,-0.28,-0.045,-0.684,-0.472,-0.57,-0.144,-0.666,-0.447,-0.7,0.307,0.094,0.035,-0.264,0.326
1749,-0.254,0.035,0.169,-0.442,-0.262,-0.272,0.029,0.152,-0.368,-0.222,-0.736,-0.389,0.126,-0.524,-0.526,-0.046,-0.245,-0.301
1750,-0.123,0.198,0.253,-0.282,NA,-0.43,0.285,0.777,0.031,0.087,-0.964,NA,-0.493,0.19,-0.27,-0.646,-0.373,0.029
1751,-0.068,0.1,-0.091,0.167,-0.227,-0.031,-0.205,-0.097,0.674,-0.355,0.183,-0.415,-0.276,0.011,0.143,-0.39,0.155,-0.246
1752,0.03,-0.22,-0.253,-0.034,0.189,0.189,-0.292,-0.222,-0.119,-0.365,0.382,0.368,0.256,-0.058,0.674,-0.192,0.084,-0.159
1753,-0.014,-0.075,-0.055,-0.072,-0.027,0.098,0.011,-0.016,-0.136,-0.135,0.054,-0.551,-0.816,1.286,-0.016,0.041,0.27,-0.158
1754,0.473,-0.024,0.105,0.066,1.068,0.424,0.328,0.144,-0.409,0.345,0.263,0.999,1.684,0.522,0.287,0.708,0.279,0.53
1755,-0.198,-0.09,-0.069,-0.001,-0.517,-0.155,-0.252,-0.484,-0.155,0.495,-0.344,-0.768,-0.521,-0.262,-0.417,-0.289,0.24,0.377
1756,-0.052,0.302,0.366,-0.009,-0.208,-0.186,0.204,0.517,0.113,0.219,-0.36,0.224,-1.008,0.16,-0.8,0.243,-0.001,-0.136
1757,-0.086,-0.051,-0.134,0.21,-0.278,-0.062,-0.475,0.209,0.196,0.437,-0.003,-0.828,-0.18,0.174,-0.217,-0.113,0.145,-0.381
1758,-0.156,-0.279,-0.215,-0.547,0.114,-0.024,-0.398,0.135,-0.47,-0.512,-0.658,0.176,-0.213,0.379,0.034,-0.043,-0.063,-0.235
1759,0.053,-0.09,-0.137,-0.054,0.338,0.144,0.116,-0.291,0.049,-0.098,-0.114,0.646,-0.031,0.4,0.032,0.288,0.113,-0.474
1760,0.165,-0.014,0.037,0.172,0.089,0.124,0.213,0.373,-0.167,0.362,0.321,0.171,-0.117,0.213,0.167,-0.058,0.263,0.241
1761,0.108,0.156,0.304,-0.029,0.407,-0.034,0.037,0.634,-0.286,0.286,-0.088,-0.277,0.812,0.686,0.133,-0.096,-0.14,-0.407
1762,-0.392,-0.235,-0.266,-0.21,-0.827,-0.319,-0.206,-0.186,-0.142,0.27,-0.759,-0.806,0.039,-1.713,-0.387,-0.191,-0.38,-0.238
1763,0.236,-0.029,-0.109,0.144,0.602,0.12,-0.362,0.274,0.209,0.239,-0.016,-0.1,0.935,0.971,-0.027,0.058,0.328,0.329
1764,0.132,0.237,0.364,0.173,0.447,-0.317,0.392,0.372,-0.143,0.055,0.608,0.505,0.387,0.448,-0.965,-0.013,0.027,-0.087
1765,-0.547,-0.213,-0.435,-0.341,-1.313,NA,-0.497,-0.72,0.453,0.288,-1.766,-1.62,-1.627,-0.692,NA,-0.055,0.346,-0.131
1766,NA,NA,NA,-0.185,0.487,NA,0.568,NA,-0.428,0.085,-0.211,0.632,0.358,0.472,0.52,NA,0.068,-0.136
1767,0.16,0.01,0.001,0.216,0.133,0.297,-0.167,0.306,0.037,0.029,0.583,0.051,0.768,-0.418,0.148,0.254,0.488,-0.163
1768,-0.108,-0.052,-0.041,-0.121,-0.078,-0.328,-0.374,0.415,-0.084,0.255,-0.534,0.032,-0.072,-0.192,-0.08,-1.07,0.166,0.236
1769,0.273,0.061,0.11,-0.14,0.766,0.282,0.002,0.094,-0.088,-0.191,-0.14,1.024,0.538,0.735,0.629,-0.476,0.694,0.456
1770,0.416,0.257,0.378,0.092,0.868,0.297,0.314,0.364,-0.106,0.187,0.195,0.972,1.086,0.546,0.525,0.078,0.289,0.544
1771,0.206,0.087,0.204,0.17,0.652,0.028,-0.157,0.224,-0.264,-0.133,0.906,0.178,0.738,1.041,-0.314,0.195,0.204,-0.144
1772,-0.381,-0.375,-0.329,-0.462,-0.534,-0.258,-0.581,-0.263,-0.512,-0.42,-0.455,0.148,-0.897,-0.854,-0.862,0.033,0.054,0.04
1773,-0.145,0.017,0.102,-0.106,-0.265,-0.092,-0.114,0.38,-0.24,0.163,-0.24,-0.578,0.567,-0.785,0.633,-0.351,-0.557,-0.612
1774,-0.462,-0.346,-0.227,-0.596,-0.345,-0.737,-0.243,0.174,-0.703,-0.301,-0.784,-0.374,0.001,-0.663,-0.709,-0.787,-0.716,-0.44
1775,-0.117,0.086,0.077,0.038,-0.436,-0.218,0.183,0.487,0.115,0.176,-0.176,-0.958,-0.267,-0.084,-0.5,-0.003,-0.151,-0.23
1776,-0.056,-0.193,-0.131,-0.325,0.243,-0.073,-0.702,0.538,-0.378,-0.3,-0.297,-0.096,0.344,0.48,-0.03,-0.283,0.095,-0.042
1777,-0.078,-0.31,-0.206,-0.165,0.301,-0.088,-0.207,-0.369,-0.62,0.066,0.06,0.161,0.083,0.657,-0.189,-0.256,0.18,-0.497
1778,0.191,-0.264,-0.249,0.172,0.353,0.144,-0.225,-0.025,-0.309,-0.196,1.019,0.249,0.444,0.367,0.055,-0.299,0.677,0.536
1779,0.172,0.167,0.31,0.497,-0.189,0.191,-0.214,0.607,-0.262,1.047,0.705,-0.294,-0.079,-0.195,0.586,0.149,-0.161,0.172
1780,0.115,0.062,-0.128,0.652,-0.05,0.101,-0.575,0.019,0.632,0.437,0.888,0.318,0.77,-1.24,0.106,0.22,-0.022,-0.175
1781,0.051,-0.111,-0.005,-0.246,0.31,0.124,-0.119,0.278,-0.429,0.301,-0.61,0.065,0.745,0.12,0.217,-0.028,0.184,-0.109
1782,0.519,0.109,0.058,0.049,1.421,0.438,0.297,-0.014,0.263,-0.39,0.273,0.822,1.516,1.927,0.771,0.266,0.275,0.228
1783,-0.12,0.345,0.49,-0.444,-0.406,0.027,0.45,0.792,-0.092,0.088,-1.327,-0.293,-1.037,0.112,-0.148,-0.241,0.47,-0.213
1784,0.174,-0.218,-0.192,0.388,0.865,-0.241,-0.254,-0.108,-0.295,0.498,0.961,1.333,1.448,-0.185,-0.162,-0.846,0.283,-0.59
1785,-0.368,-0.692,-0.604,-0.573,-0.8,0.315,-0.448,-0.774,-0.958,-0.043,-0.718,-1.382,-0.503,-0.517,0.289,0.413,0.244,-0.014
1786,0.099,0.127,0.285,-0.007,0.215,-0.012,0.48,0.389,-0.349,-0.304,0.632,-0.289,0.543,0.392,0.427,0.104,-0.568,-0.264
1787,0.124,0.087,-0.015,0.155,0.194,-0.042,-0.041,0.259,0.394,0.154,-0.081,-0.247,0.199,0.63,-0.553,0.293,0.135,0.344
1788,-0.026,-0.062,0.067,-0.003,0.239,0.037,0.046,-0.189,-0.449,0.661,-0.221,-1.02,1.378,0.359,0.084,-0.187,0.214,-0.988
1789,-0.115,-0.361,-0.225,-0.213,-0.349,-0.182,-0.102,0.415,-0.768,-0.158,0.286,0.037,-0.016,-1.068,-0.058,-0.291,-0.197,0.544
1790,0.201,0.251,0.398,-0.174,0.805,-0.119,0.06,0.59,-0.191,-0.433,0.102,0.648,0.651,1.116,0.203,-0.204,-0.357,0.232
1791,0.204,0.324,0.332,0.268,0.376,-0.061,0.619,0.147,0.297,0.206,0.3,-0.386,0.929,0.584,-0.337,0.028,0.126,-0.062
1792,0.034,0.1,-0.036,0.5,-0.419,-0.008,-0.198,0.151,0.51,0.639,0.35,-0.154,-0.49,-0.614,0.125,-0.255,0.107,0.241
1793,0.102,0.089,0.206,-0.207,0.489,0.024,-0.065,0.443,-0.261,-0.136,-0.225,0.399,0.334,0.735,0.107,0.203,-0.237,-0.07
1794,0.053,0.118,0.071,0.379,-0.068,-0.094,-0.393,0.676,0.259,0.822,0.057,-0.743,0.424,0.115,-0.367,-0.045,0.129,-0.301
1795,-0.192,-0.364,-0.4,-0.065,-0.399,-0.085,-0.773,-0.126,-0.258,0.142,-0.08,-0.684,-0.421,-0.092,-0.482,0.422,-0.195,0.25
1796,-0.33,-0.009,0.215,-0.403,-0.36,-0.51,0.692,-0.297,-0.679,-0.413,-0.116,0.06,-0.031,-1.109,-0.502,-0.393,-0.634,-0.544
1797,0.013,-0.242,-0.106,-0.227,0.228,-0.167,0.114,0.113,-0.65,-0.386,0.356,-0.432,0.624,0.492,0.111,-0.453,-0.158,0.426
1798,0.104,0.065,0.225,-0.082,0.425,0.178,-0.065,0.313,-0.413,0.287,-0.119,0.087,0.82,0.367,0.29,0.181,0.063,-0.564
1799,-0.163,-0.319,-0.189,-0.343,0.006,0.047,-0.11,0.109,-0.711,-0.318,0,-0.359,0.033,0.344,0.065,0.001,0.074,-1.091
1800,NA,-0.589,-0.576,-0.054,-0.103,NA,-0.133,-0.505,-0.626,0.609,-0.146,-0.747,0.053,0.385,NA,NA,-0.122,-0.38
1801,-0.193,-0.104,-0.228,-0.109,-0.406,-0.226,0.049,-0.354,0.271,-0.457,-0.142,-0.019,-0.724,-0.476,-0.125,-0.077,-0.477,0.216
1802,0.073,NA,NA,-0.058,0.672,-0.334,0.174,NA,-0.382,0.583,-0.373,0.41,0.797,0.809,-0.208,-0.03,-0.764,-0.208
1803,0.162,-0.421,-0.47,0.321,0.63,-0.007,-1.177,-0.026,-0.274,0.745,0.492,0.851,0.336,0.703,0.067,-0.124,0.034,0.32
1804,0.172,0.148,0.235,0.287,0.316,0.156,0.421,-0.037,-0.113,0.004,0.97,1.011,-0.658,0.595,0.371,0.254,-0.156,-0.601
1805,0.061,-0.286,-0.339,-0.054,0.539,-0.172,-0.512,0.097,-0.126,-0.01,-0.025,0.532,0.296,0.789,0.417,-0.719,-0.214,0.211
1806,0.056,0.141,0.296,-0.428,0.237,-0.023,0.37,0.307,-0.325,-0.485,-0.473,0.554,-0.158,0.315,-0.008,-0.349,0.289,0.632
1807,-0.088,-0.197,0.124,-0.362,0.158,-0.077,-0.29,0.032,-1.162,-0.162,0.238,0.14,-0.119,0.451,-0.186,0.075,-0.12,0.042
1808,-0.03,-0.22,0.026,0.158,0.158,-0.305,0.078,-0.041,-0.959,0.659,0.772,0.165,0.562,-0.254,-0.637,0.075,-0.353,-0.424
1809,0.156,-0.149,-0.038,-0.022,0.411,-0.01,-0.221,0.531,-0.482,-0.155,0.57,0.556,-0.411,1.088,0.526,-0.166,-0.389,0.431
1810,0.013,0.112,0.168,-0.279,0.453,-0.213,-0.156,0.229,-0.056,-0.027,-0.755,-0.034,0.465,0.93,-0.268,-0.237,-0.134,0.202
1811,0.057,0.041,0.056,0.342,0.307,-0.403,-0.409,0.375,-0.004,0.253,0.778,0.18,0.235,0.505,-1.248,0.092,-0.052,-0.017
1812,-0.209,-0.196,-0.054,-0.37,-0.061,-0.137,-0.421,0.277,-0.624,-0.288,-0.198,0.321,0.013,-0.517,-0.176,0.142,-0.377,-0.658
1813,-0.096,-0.117,-0.097,0.074,-0.305,-0.102,-0.42,0.785,-0.175,-0.152,0.549,-0.669,-0.452,0.206,-0.203,-0.094,-0.008,-0.52
1814,-0.139,-0.503,-0.494,-0.359,0.239,-0.164,-0.918,-0.044,-0.53,0.27,-0.816,-0.267,0.241,0.742,-0.214,-0.212,-0.067,0.146
1815,0.084,0.186,0.004,0.349,0.082,-0.141,-0.643,0.51,0.734,-0.221,0.533,0.006,0.003,0.238,0.043,-0.289,-0.177,0.273
1816,-0.125,0,0.033,-0.209,-0.009,-0.257,-0.19,0.017,-0.099,-0.549,0.021,-0.201,-0.18,0.355,-0.482,-0.152,-0.137,0.093
1817,0.205,0.26,0.263,0.057,0.846,-0.244,0.224,0.473,0.252,-0.03,-0.05,0.679,0.961,0.898,-0.491,-0.673,0.431,-0.209
1818,-0.05,0.239,0.101,-0.091,-0.034,-0.151,0.401,0.11,0.655,-0.38,-0.549,0.318,0.223,-0.641,-0.456,0.064,-0.06,-0.283
1819,-0.007,0.027,0.06,0.064,-0.101,-0.094,0.279,0.183,-0.071,0.031,0.231,0.506,-0.403,-0.405,0.223,-0.112,-0.393,-0.158
1820,0.037,-0.216,-0.177,0.175,0.272,-0.068,-0.229,-0.144,-0.334,0.03,0.828,0.534,-0.122,0.405,0.253,-0.034,-0.423,-0.317
1821,0.208,-0.12,-0.234,0.288,0.066,0.481,-0.304,-0.082,0.223,0.135,0.506,-0.584,0.664,0.12,0.608,0.278,0.556,0.379
1822,-0.136,0.217,0.154,-0.188,-0.168,-0.017,-0.295,0.378,0.407,-0.101,-0.87,-0.599,-0.08,0.175,-0.592,0.091,0.45,-0.592
1823,0.074,-0.266,-0.33,0.122,0.37,-0.113,-0.603,0.206,-0.072,-0.092,0.531,-0.476,0.738,0.848,-0.068,-0.198,-0.072,0.152
1824,0.034,-0.058,-0.041,-0.117,-0.034,0.232,-0.125,-0.149,-0.109,0.121,-0.362,-0.653,0.299,0.251,0.073,0.159,0.463,0.437
1825,-0.198,0.01,0.166,-0.162,-0.551,-0.053,-0.097,0.158,-0.457,0.11,-0.138,-0.316,-1.23,-0.108,-0.281,0.131,-0.01,-0.137
1826,-0.044,-0.068,0.015,-0.117,0.077,-0.162,-0.437,0.619,-0.315,0.642,-0.678,-0.267,0.426,0.072,-0.169,0.083,-0.4,-0.105
1827,0.03,-0.017,-0.21,0.222,0.115,-0.207,-0.13,-0.394,0.56,0.091,0.016,0.036,0.659,-0.35,-0.273,-0.245,-0.104,0.488
1828,0.073,0.112,0.171,0.111,0.043,-0.032,0.144,-0.12,-0.065,0.506,-0.108,0.329,-0.368,0.167,-0.16,0.014,0.05,0.485
1829,-0.216,-0.254,-0.091,-0.391,0.055,-0.111,-0.742,-0.015,-0.745,0.159,-0.587,-0.35,0.041,0.473,0.08,-0.141,-0.273,-0.489
1830,0.115,-0.184,-0.34,0.339,0.271,0.155,-0.599,0.069,0.284,0.614,0.118,0.027,0.527,0.258,0.097,0.104,0.263,-0.375
1831,-0.07,-0.103,-0.176,-0.37,-0.129,0.205,-0.5,0.346,0.117,-0.549,-0.678,0.209,-0.101,-0.494,-0.195,0.529,0.281,0.192
1832,0.09,-0.034,-0.048,-0.001,0.241,0.161,-0.238,-0.096,0.008,-0.159,0.148,0.174,0.004,0.543,0.286,0.322,-0.124,0.212
1833,0,-0.077,0.097,-0.121,0.009,-0.146,-0.328,0.407,-0.6,0.161,0.077,0.56,-0.187,-0.347,-0.551,-0.235,0.349,0.694
1834,-0.135,0.359,0.453,-0.096,-0.426,-0.201,0.342,0.322,0.078,-0.162,-0.202,0.076,-0.706,-0.647,-0.165,-0.04,-0.4,-0.117
1835,-0.08,0.08,0.113,0.127,-0.391,-0.104,-0.053,0.51,-0.02,0.218,0.183,-0.134,-0.32,-0.72,-0.088,-0.108,-0.117,-0.307
1836,0.037,0.113,-0.054,-0.172,0.239,0.057,0.254,-0.108,0.616,0.115,-1.248,0.472,0.775,-0.53,-0.025,0.025,0.169,-0.065
1837,-0.174,-0.112,0.055,-0.413,-0.329,-0.027,-0.202,0.432,-0.613,-0.321,-0.304,-0.237,-0.447,-0.304,-0.548,0.3,0.166,-0.015
1838,-0.1,-0.287,-0.363,-0.266,0.55,-0.294,-0.677,-0.399,-0.057,-0.052,-0.688,0.367,0.635,0.648,-0.405,0.001,-0.477,-0.099
1839,-0.006,0.028,0.072,-0.363,0.484,-0.22,0.021,0.295,-0.107,-0.18,-0.803,0.129,0.914,0.409,0.265,-0.576,-0.349,-0.093
1840,-0.072,-0.137,0.083,-0.39,0.28,-0.099,0.357,-0.013,-0.8,-0.454,0.083,0.504,0.543,-0.208,0.124,-0.502,0.082,-0.576
1841,0.072,-0.259,-0.428,0.14,0.258,0.095,-0.287,-0.422,0.248,-0.089,0.26,0.038,-0.113,0.848,0.071,0.036,0.179,0.092
1842,-0.069,0.154,0.074,-0.139,-0.089,-0.222,-0.261,0.39,0.393,-0.969,0.159,-0.16,-0.076,-0.031,-0.509,-0.187,0.029,0.394
1843,0.107,-0.135,-0.071,0.169,0.318,0.071,0.171,-0.778,-0.324,0.561,0.271,-0.359,0.85,0.465,-0.177,0.326,0.066,0.212
1844,-0.242,-0.026,-0.013,-0.445,-0.002,-0.172,-0.191,-0.059,-0.063,0.175,-1.447,0.054,-0.19,0.129,-0.337,0.005,-0.185,-0.792
1845,-0.1,-0.404,-0.412,-0.457,0.163,-0.054,-0.12,-0.325,-0.377,-0.482,-0.511,-0.095,0.001,0.583,-0.235,0.064,0.009,0.288
1846,-0.089,0.236,0.22,0.033,-0.023,-0.286,0.251,0.122,0.283,-0.124,-0.06,-0.46,0.381,0.011,-0.71,-0.014,-0.132,-0.61
1847,-0.148,-0.311,-0.322,-0.007,-0.482,0.017,-0.293,-0.065,-0.277,-0.09,0.345,-0.164,-0.751,-0.53,0.113,-0.175,0.114,-0.001
1848,0.12,-0.035,-0.064,-0.221,0.764,-0.057,-0.605,0.414,0.051,-0.325,-0.39,0.644,0.736,0.912,-0.154,-0.021,0.004,0.179
1849,-0.105,0.152,0.272,-0.204,0.017,-0.302,0.127,0.509,-0.207,-0.393,-0.013,-0.577,0.234,0.395,-0.643,-0.18,-0.084,-0.431
1850,0.03,-0.166,-0.093,-0.073,0.168,-0.054,-0.449,0.601,-0.387,0.237,-0.07,0.001,-0.229,0.73,-0.149,-0.317,0.304,0.089
1851,0.012,0.169,0.137,-0.007,0.203,-0.258,0.411,-0.089,0.263,-0.239,-0.044,0.857,-0.422,0.172,-0.496,0.298,-0.574,0.011
1852,0.052,-0.02,0.183,-0.325,0.078,0.064,0.438,0.101,-0.629,-0.357,0.012,0.782,-0.648,0.1,-0.035,0.145,0.081,0.633
1853,-0.014,-0.056,0.025,-0.239,0.537,0.04,0.093,-0.652,-0.297,0.375,-0.794,0.132,1.376,0.104,0.057,0.222,-0.158,-0.632
1854,0.187,-0.028,-0.046,0.161,0.393,-0.053,0.197,0.298,0.023,0.023,0.436,0.292,0.041,0.846,0.203,0.104,-0.465,0.243
1855,-0.046,-0.244,-0.245,-0.133,0.481,-0.197,-0.351,-0.627,-0.243,0.137,-0.292,0.296,0.316,0.831,-0.447,0.238,-0.382,-0.031
1856,0.073,-0.199,-0.034,-0.238,0.496,0.003,-0.317,0.245,-0.695,-0.072,0.055,0.638,1.078,-0.227,0.199,0.006,-0.196,0.163
1857,0.198,0.098,0.083,0.026,0.434,0.128,-0.243,0.328,0.143,0.191,-0.255,0.19,1.188,-0.075,0.255,0.139,-0.009,0.529
1858,0.093,0.072,0.158,0.204,0.162,-0.033,0.226,-0.281,-0.186,0.056,0.741,0.128,0.227,0.13,0.452,0.003,-0.553,0.176
1859,0.002,0.371,0.301,-0.182,-0.086,0.04,0.301,0.427,0.581,0.077,-1.202,-0.351,0.178,-0.085,0.311,-0.228,0.038,-0.021
1860,0.011,0.049,-0.037,0.128,0.317,-0.189,0.042,-0.133,0.306,-0.248,0.325,0.813,-0.311,0.447,-0.382,0.355,-0.539,-0.549
1861,0.031,-0.052,-0.207,-0.11,0.28,0.084,-0.168,0.097,0.414,-0.321,-0.421,-0.422,0.261,1.002,0.293,-0.304,0.262,-0.319
1862,0.071,-0.136,-0.143,0.214,0.325,-0.283,0.037,-0.148,-0.116,0.422,0.336,0.474,0.806,-0.305,-0.547,0.346,-0.647,0.19
1863,0.175,0.195,0.279,-0.064,0.168,0.281,0.379,0.268,-0.057,0.289,-0.425,0.34,-0.149,0.314,0.45,0.161,0.232,0.298
1864,-0.066,-0.003,0.067,-0.163,0.153,-0.117,-0.015,-0.081,-0.213,-0.034,-0.243,0.606,-0.142,-0.004,0.313,-0.656,-0.009,-0.317
1865,-0.034,-0.185,-0.141,-0.029,-0.078,-0.032,-0.1,-0.006,-0.316,-0.116,0.344,-0.34,0.01,0.095,-0.171,0.053,0.022,0.12
1866,0.122,0.193,0.397,-0.257,0.012,0.258,0.534,0.538,-0.421,-0.061,-0.288,0.065,-0.33,0.302,0.713,-0.307,0.367,0.349
1867,0.065,0.003,0.199,0.062,0.093,0.07,-0.204,0.453,-0.585,0.864,-0.091,0.044,0.171,0.063,0.248,0.228,-0.268,-0.146
1868,0.025,0.117,0.083,0.225,-0.202,-0.261,0.01,0.385,0.218,0.451,0.005,0.035,-0.974,0.334,-0.603,0.01,-0.191,0.625
1869,0.066,0.213,0.553,-0.43,0.178,0.219,0.351,0.683,-0.805,-0.06,-0.424,0.006,0.038,0.489,0.535,-0.028,0.149,-0.143
1870,NA,-0.205,-0.112,0.186,-0.405,NA,0.143,-0.337,-0.482,0.324,0.717,-0.045,-0.236,-0.934,NA,NA,0.041,-0.546
1871,-0.069,-0.066,-0.097,0.037,0.021,-0.421,-0.242,0.498,0.024,0.455,-0.368,-0.319,0.389,-0.007,-0.649,-0.017,-0.597,0.01
1872,0.096,0.029,0.138,-0.007,0.041,0.208,0.105,0.299,-0.296,0.055,0.222,0.685,-0.492,-0.071,0.492,0.006,0.126,0.023
1873,0.05,-0.105,-0.025,-0.201,0.402,0.021,0.242,-0.339,-0.347,-0.448,0.191,0.059,0.456,0.69,0.216,0.043,-0.195,0.037
1874,0.039,0.184,0.172,-0.031,-0.012,0.179,0.354,0.124,0.222,0.096,-0.412,-0.489,-0.117,0.569,0.359,0.372,-0.194,-0.421
1875,-0.08,-0.191,-0.128,-0.066,-0.057,-0.16,0.362,-0.326,-0.378,-0.16,0.34,0.529,-0.646,-0.056,-0.083,-0.195,-0.202,-0.144
1876,-0.05,0.056,-0.025,-0.133,-0.032,-0.083,-0.2,0.269,0.296,0.181,-0.877,-0.418,0.409,-0.088,0.215,-0.274,-0.19,0.08
1877,0.043,0.129,0.217,-0.303,0.285,0.026,0.259,0.312,-0.134,-0.517,-0.259,0.042,0.543,0.269,-0.383,0.151,0.31,-0.08
1878,-0.149,-0.017,0.044,-0.03,-0.394,-0.134,-0.011,0.223,-0.2,-0.314,0.424,-0.083,-0.458,-0.642,0.079,0.048,-0.529,-0.319
1879,-0.057,-0.359,-0.403,-0.282,0.573,-0.217,-0.635,-0.255,-0.227,-0.504,-0.114,0.755,0.531,0.435,-0.038,-0.253,-0.359,-0.02
1880,-0.046,0.044,0.119,-0.205,-0.204,0.005,-0.087,0.464,-0.183,0.081,-0.512,0.031,0.516,-1.16,0.18,-0.327,0.161,0.281
1881,0.03,-0.11,-0.158,-0.09,0.389,-0.01,-0.608,-0.146,0.032,-0.576,0.273,0.078,0.544,0.545,-0.251,-0.469,0.69,0.248
1882,0.239,0.345,0.35,0.241,0.574,-0.151,0.348,0.454,0.331,0.28,0.113,0.683,0.444,0.593,-0.457,-0.068,0.07,0.079
1883,0.128,0.045,0.258,-0.325,0.362,0.286,0.075,0.619,-0.593,-0.193,-0.188,-0.138,0.431,0.795,0.19,0.178,0.492,-0.125
1884,0.088,0.17,0.242,-0.096,0.099,0.038,0.571,0.279,-0.043,-0.619,0.374,-0.132,0.455,-0.025,0.126,0.049,-0.061,0.077
1885,-0.024,-0.022,0.134,-0.057,-0.196,0.063,-0.091,0.415,-0.491,-0.367,0.687,-0.359,0.396,-0.626,0.359,0.021,-0.19,-0.044
1886,0.075,-0.08,-0.116,0.165,0.125,0.065,-0.024,-0.281,0.03,-0.041,0.507,-0.33,0.473,0.232,-0.012,0.025,0.181,0.14
1887,-0.027,0.013,0.092,-0.189,0.084,-0.079,0.082,0.055,-0.223,-0.171,-0.173,-0.186,0.389,0.049,0.179,-0.139,-0.277,0.091
1888,0.155,-0.031,-0.099,0.24,0.374,0.091,0.079,-0.466,0.174,0.044,0.502,0.132,0.173,0.817,-0.177,0.061,0.389,0.13
1889,0.085,-0.005,-0.023,0.066,0.14,0.139,-0.122,-0.078,0.049,0.035,0.114,-0.806,0.185,1.04,-0.039,0.222,0.233,0.185
1890,0.168,0.21,0.166,-0.089,0.56,0.286,0.571,-0.257,0.34,-0.235,-0.372,0.991,0.455,0.233,0.574,0.258,0.027,-0.564
1891,0.279,-0.101,-0.157,0.045,0.496,0.355,-0.078,0.171,0.067,-0.125,0.193,-0.218,0.736,0.971,0.736,0.268,0.06,0.567
1892,-0.008,-0.048,0.133,-0.14,0.059,0.145,-0.083,-0.086,-0.591,-0.126,0.295,0.334,-0.488,0.332,0.491,-0.075,0.02,-0.116
1893,0.076,0.077,0.062,-0.049,0.121,-0.001,-0.16,0.462,0.124,-0.359,0.089,-0.185,-0.04,0.588,0.05,0.278,-0.33,0.392
1894,0.134,0.315,0.393,-0.062,0.422,-0.125,0.206,0.581,0.081,-0.034,-0.235,0.362,0.297,0.607,-0.592,-0.049,0.265,0.116
1895,0.057,-0.141,-0.307,0.077,0.468,NA,-0.473,-0.564,0.355,0.13,-0.254,-0.104,0.669,0.84,NA,-0.027,0.174,-0.116
1896,-0.04,0.06,-0.045,0.052,-0.074,-0.072,-0.126,0.106,0.378,0.482,-0.703,-0.019,-0.111,-0.094,0.451,-0.042,-0.625,-0.175
1897,0.064,0.046,-0.145,0.145,0.105,0.002,-0.626,0.368,0.617,0.043,-0.225,0.131,-0.229,0.412,0.135,-0.192,0.062,0.268
1898,0.117,0.036,0.213,-0.057,0.26,-0.055,0.116,0.256,-0.496,0.144,0.182,0.033,0.42,0.327,0.039,-0.04,-0.164,0.581
1899,0.102,0.228,0.297,0.219,-0.066,0.212,0.194,0.117,0.02,0.493,0.142,-0.523,0.544,-0.219,0.239,0.001,0.398,-0.177
1900,0.005,-0.225,-0.131,-0.105,-0.035,0.087,-0.056,-0.159,-0.509,0.37,-0.175,0.139,-0.1,-0.144,0.131,0.293,-0.162,0.434
1901,-0.144,0.029,0.113,-0.166,-0.204,-0.208,0.049,-0.143,-0.223,0.366,-0.64,-0.106,-0.762,0.255,-0.484,-0.107,-0.032,0.098
1902,-0.014,-0.005,-0.054,0.063,0.093,-0.13,0.142,-0.4,0.14,-0.242,0.291,-0.061,0.271,0.07,-0.151,-0.089,-0.149,0.01
1903,0.115,0.401,0.294,0.193,-0.073,0.134,0.203,0.67,0.719,0.013,-0.153,-1.029,0.014,0.796,-0.097,0.58,-0.081,-0.25
1904,-0.016,-0.108,0.025,0.154,-0.093,-0.239,0.174,0.15,-0.506,0.446,0.523,-0.339,-0.193,0.252,-0.426,-0.268,-0.022,0.013
1905,-0.126,0.148,0.076,-0.044,-0.227,-0.266,0.016,0.2,0.362,0.088,-0.583,-0.647,-0.07,0.035,-0.351,-0.098,-0.349,-0.12
1906,-0.081,0.013,0.084,-0.206,-0.032,-0.126,0.266,0.108,-0.203,-0.281,-0.135,-0.315,-0.264,0.483,-0.424,0.028,0.017,-0.25
1907,0.057,-0.102,-0.138,-0.086,0.561,-0.189,-0.123,-0.042,0.009,-0.224,-0.044,0.936,0.011,0.737,-0.428,0.016,-0.157,-0.007
1908,0.002,0.09,0.065,0.124,-0.194,0.024,-0.094,0.298,0.162,-0.35,0.56,-0.645,-0.054,0.116,0.413,-0.281,-0.061,-0.037
1909,-0.026,-0.09,-0.112,0.083,0.087,-0.191,-0.091,-0.207,-0.025,0.292,-0.019,-0.443,0.686,0.018,-0.488,0.332,-0.418,0.052
1910,-0.071,0.127,0.282,-0.189,-0.063,-0.346,0.227,0.566,-0.335,0.193,-0.425,-0.142,-0.517,0.47,-0.43,-0.416,-0.191,0.145
1911,-0.01,-0.014,0.131,-0.253,-0.014,-0.009,-0.165,0.414,-0.448,0.149,-0.462,0.226,0.024,-0.291,-0.09,-0.136,0.198,0.463
1912,0.132,0.264,0.142,0.302,0.087,-0.063,-0.206,0.17,0.628,-0.048,0.326,0.621,-0.736,0.376,-0.222,-0.017,0.049,0.641
1913,0.014,0.335,0.238,0.251,-0.163,-0.047,0.06,0.012,0.627,-0.08,0.207,0.699,-0.742,-0.445,-0.525,-0.011,0.396,-0.033
1914,0.1,0.192,0.042,0.403,-0.105,-0.089,-0.218,0.377,0.64,0.341,0.229,-0.293,-0.117,0.095,0.068,-0.379,0.045,0.412
1915,-0.136,0.086,0.202,-0.375,0.046,-0.4,-0.135,0.329,-0.263,-0.007,-0.854,-0.633,0.605,0.167,-0.407,-0.388,-0.404,0.364
1916,0.026,0.128,0.328,-0.077,-0.068,0.101,0.456,0.164,-0.473,0.034,0.208,0.123,-0.215,-0.112,-0.547,0.623,0.228,-0.177
1917,-0.092,-0.389,-0.421,-0.172,0.069,0.276,-0.752,-0.334,-0.294,0.284,-0.506,-0.003,-0.122,0.333,0.293,0.339,0.197,-0.539
1918,0.067,-0.082,0.006,-0.407,0.267,0.099,0.066,0.491,-0.347,-0.595,-0.278,0.052,0.406,0.344,0.48,-0.027,-0.157,0.364
1919,0.007,-0.018,-0.011,0.035,0.326,-0.31,-0.114,-0.284,-0.037,0.18,-0.038,0.454,-0.139,0.662,-0.093,-0.42,-0.418,0.333
1920,0.148,0.289,0.303,0.472,0.209,-0.217,0.254,0.321,0.247,0.524,0.646,-0.16,0.667,0.12,-0.126,-0.586,0.061,-0.188
1921,-0.099,0.12,0.01,0.017,-0.35,-0.181,0.439,-0.222,0.449,-0.33,-0.067,-0.72,-0.246,-0.083,-0.229,-0.08,-0.233,0.133
1922,0.03,0.026,0.123,0.046,0.3,-0.399,-0.118,0.355,-0.266,-0.14,0.543,0.001,0.803,0.096,-0.277,-0.887,-0.034,0.284
1923,0.187,0.08,0.214,-0.055,0.444,0.285,0.071,0.288,-0.323,-0.292,0.449,0.213,0.516,0.605,0.543,0.509,-0.195,-0.134
1924,0.164,-0.209,-0.177,0.198,0.308,0.129,-0.04,-0.358,-0.303,0.139,0.758,0.265,0.258,0.402,0.336,0.112,-0.06,0.464
1925,0.037,0.261,0.493,0.044,-0.243,-0.044,0.47,0.544,-0.433,0.025,0.539,-0.541,-0.301,0.112,0.307,0.002,-0.441,0.165
1926,0.017,0.088,0.139,-0.043,0.116,0.038,0.162,0.09,-0.066,0.136,-0.2,0.052,-0.318,0.615,0.335,-0.385,0.166,-0.386
1927,0.076,0.097,0.006,0.205,0.132,0.035,0.242,0.161,0.369,0.457,-0.211,0.405,-0.463,0.454,0.149,0.096,-0.139,-0.605
1928,0.071,0.051,0.094,-0.36,0.431,-0.03,0.455,0.433,-0.078,-0.305,-0.696,0.466,0.522,0.305,-0.48,0.331,0.06,-0.159
1929,0.052,-0.292,-0.264,-0.209,0.3,0.096,-0.43,-0.205,-0.374,-0.273,0.018,0.218,0.146,0.535,-0.195,0.134,0.349,0.697
1930,-0.009,0.076,0.125,-0.174,0.095,0.155,0.215,-0.538,-0.071,-0.59,0.139,-0.449,-0.054,0.786,0.091,0.207,0.167,-0.011
1931,-0.053,-0.133,-0.008,-0.15,0.045,-0.09,-0.091,0.077,-0.507,0.081,-0.025,0.397,0.394,-0.655,-0.204,-0.275,0.209,-0.035
1932,0.015,-0.083,-0.043,0.158,-0.161,0.097,0.414,-0.507,-0.203,0.359,0.318,-0.567,-0.033,0.118,0.044,0.27,-0.024,-0.008
1933,-0.095,0.064,-0.003,0.201,0.164,-0.496,-0.117,0.117,0.264,0.286,0.054,-0.44,0.787,0.145,-0.631,-0.216,-0.64,-0.747
1934,0.048,-0.129,-0.181,0.054,-0.183,0.137,0.294,-0.089,0.028,-0.131,0.266,-0.249,-0.358,0.058,0.329,0.415,-0.333,0.351
1935,0.069,0.029,0.094,-0.286,0.185,0.459,-0.365,0.296,-0.167,0.298,-0.989,0.629,0.193,-0.266,0.619,0.437,0.32,-0.173
1936,-0.012,-0.09,-0.08,-0.526,0.375,0,0.123,-0.19,-0.121,-0.511,-0.945,-0.021,0.76,0.384,0.039,-0.048,0.009,0.373
1937,-0.052,0.17,0.31,-0.034,0.026,-0.283,0.163,0.395,-0.25,0.112,0.035,-0.008,0.415,-0.328,-0.189,-0.311,-0.351,-0.309
1938,0.176,0.076,0.006,0.072,0.313,0.252,0.323,0.003,0.288,-0.03,-0.043,0.712,0.644,-0.418,-0.109,0.382,0.482,-0.124
1939,-0.148,0.011,0.089,-0.286,-0.024,-0.299,0.027,0.365,-0.223,0.106,-0.741,-0.6,0.721,-0.194,-0.72,-0.589,0.414,-0.337
1940,-0.008,-0.199,-0.318,0.004,0.098,0.099,-0.574,-0.044,0.157,0.277,-0.424,-0.648,0.275,0.665,0.112,-0.238,0.424,-0.082
1941,-0.117,-0.239,-0.255,-0.206,0.104,-0.154,-0.721,0.038,-0.193,-0.285,-0.14,-0.261,-0.001,0.573,-0.181,-0.187,-0.092,0.052
1942,0.032,-0.255,-0.235,0.043,0.177,0.059,-0.297,-0.459,-0.314,-0.076,0.52,-0.254,0.391,0.395,0.229,0.261,-0.312,0.295
1943,0.221,0.152,0.303,0.336,0.431,-0.012,0.167,0.447,-0.3,0.866,0.441,0.819,-0.316,0.789,0.012,0.01,-0.058,-0.222
1944,0.07,-0.057,-0.008,0.138,-0.052,0.139,0.513,-0.314,-0.205,0.339,0.279,0.155,0.068,-0.38,0.432,-0.266,0.252,-0.029
1945,0.135,0.093,0.078,0.302,0.137,-0.024,-0.38,0.645,0.137,0.31,0.459,0.784,0.182,-0.555,0.077,0.217,-0.366,0.115
1946,0.166,0.032,0.203,-0.427,0.826,0.136,0.153,0.342,-0.48,-0.002,-0.799,1.005,0.921,0.551,0.721,-0.54,0.226,-0.103
1947,-0.083,-0.15,-0.293,0.352,-0.248,-0.106,-0.113,-0.663,0.279,0.927,-0.15,0.413,-0.15,-1.007,-0.075,-0.395,0.153,-0.214
1948,0.193,0.061,0.054,-0.062,0.369,0.283,0.266,0.11,0.082,0.184,-0.451,0.632,0.28,0.196,0.488,0.084,0.277,0.168
1949,0.164,0.137,0.286,0.123,0.219,0.008,0.235,0.456,-0.31,0.655,0.024,0.013,0.095,0.55,-0.262,0.368,-0.084,0.226
1950,0.134,0.155,0.173,0.001,0.25,0.318,-0.198,0.491,0.101,0.224,-0.323,0.35,0.193,0.207,0.671,0.122,0.161,-0.394
1951,0.1,-0.017,-0.032,-0.097,0.298,-0.031,0.078,0.221,0.028,0.378,-0.697,-0.096,0.505,0.483,0.14,-0.426,0.195,0.385
1952,0.01,0.044,0.097,0.152,0.185,-0.213,0.021,-0.114,-0.115,0.325,0.245,0.516,0.088,-0.05,-0.31,0.118,-0.449,-0.157
1953,0.076,-0.185,-0.155,-0.072,0.365,0.164,-0.197,-0.111,-0.273,0.097,-0.04,-0.503,0.782,0.818,0.211,-0.252,0.532,-0.154
1954,0.2,-0.179,-0.226,-0.032,0.386,0.541,-0.444,-0.08,-0.036,-0.083,0.023,0.413,0.897,-0.154,0.781,0.565,0.277,0.238
1955,-0.081,-0.267,-0.15,0.281,-0.435,0.004,-0.393,-0.295,-0.62,0.482,0.982,0.043,-1.057,-0.29,0.281,-0.126,-0.144,0.166
1956,0.075,-0.088,-0.09,-0.01,0.409,-0.059,0.044,-0.481,-0.084,-0.325,0.377,0.605,0.369,0.253,0.084,-0.021,-0.24,0.314
1957,0.072,0.273,0.256,-0.071,0.125,0.102,0.171,0.282,0.324,-0.407,-0.13,-0.419,0.264,0.532,0.396,0.18,-0.27,-0.056
1958,0.168,-0.012,0.071,0.182,0.327,0.096,0.05,0.219,-0.261,-0.13,0.938,0.29,0.346,0.344,0.318,0.243,-0.273,-0.07
1959,-0.005,0.02,-0.021,-0.075,0.064,-0.136,-0.031,0.037,0.146,0.279,-0.65,0.184,-0.047,0.056,-0.85,0.201,0.24,0.374
1960,-0.06,-0.083,0.054,-0.199,0.152,-0.087,-0.174,-0.038,-0.494,0.165,-0.267,0.074,0.633,-0.251,-0.353,-0.29,0.38,-0.11
1961,0.07,0.077,0.081,0.024,0.308,-0.108,-0.024,0.377,0.067,0.116,-0.111,0.067,0.081,0.775,0.002,0.212,-0.538,-0.19
1962,0.014,-0.123,-0.009,0.053,0.29,-0.216,0.312,-0.149,-0.466,0.155,0.47,0.133,-0.019,0.757,0.172,-0.353,-0.467,-0.376
1963,-0.078,-0.363,-0.6,0.239,-0.014,0.101,-0.94,-0.483,0.347,0.06,0.31,-0.122,0.108,-0.027,-0.123,0.172,0.255,-0.489
1964,-0.006,-0.336,-0.264,0.085,0.101,-0.047,-0.1,-0.203,-0.55,0.268,0.537,0.05,0.446,-0.193,0.113,-0.237,-0.018,-0.181
1965,-0.045,-0.173,-0.227,0.163,0.063,-0.307,-0.127,-0.374,-0.011,0.122,0.378,0.133,-0.009,0.065,-0.186,-0.308,-0.425,0.204
1966,-0.026,0.054,0.043,0.204,-0.078,-0.256,-0.224,0.147,0.09,0.008,0.515,0.288,-0.479,-0.042,-0.125,-0.294,-0.349,0.156
1967,0.172,0.242,0.159,0.317,0.118,0.22,0.051,0.271,0.489,-0.227,0.688,0.036,0.122,0.195,0.058,0.676,-0.075,-0.22
1968,-0.127,-0.142,-0.235,0.114,-0.293,-0.048,-0.079,-0.405,0.134,0.066,0.144,0.315,-0.274,-0.921,0.089,0.237,-0.471,-0.355
1969,-0.124,-0.313,-0.198,-0.043,-0.116,-0.151,0.134,-0.373,-0.657,0.161,0.367,-0.477,0.429,-0.302,-0.514,0.006,0.055,-0.324
1970,0.081,-0.151,-0.158,0.143,0.006,0.353,-0.201,0.051,-0.13,0.54,0.017,-0.337,0.638,-0.284,0.508,0.148,0.403,-0.383
1971,-0.218,-0.118,-0.072,-0.576,-0.218,-0.103,0.161,0.005,-0.255,-0.716,-0.758,-0.245,-0.492,0.083,-0.163,0.147,-0.293,-0.089
1972,-0.064,-0.146,-0.159,0.114,-0.002,-0.356,-0.27,-0.117,-0.107,0.06,0.39,0.419,-0.225,-0.2,-0.783,-0.478,0.194,0.351
1973,-0.198,-0.031,0.061,0.011,-0.472,-0.246,-0.201,0.034,-0.307,-0.042,0.383,-0.448,-0.84,-0.128,-0.333,-0.466,0.061,-0.09
1974,0.003,0.01,0.137,-0.476,0.084,0.073,0.453,0.049,-0.373,-0.871,-0.184,-0.385,0.792,-0.155,0.394,-0.512,0.337,0.494
1975,-0.206,0.066,0.263,-0.4,-0.382,-0.073,0.461,-0.166,-0.527,0.132,-0.804,-0.713,-0.104,-0.328,0.176,-0.183,-0.211,-0.204
1976,-0.195,-0.067,-0.048,-0.037,-0.569,-0.08,0.101,-0.043,-0.124,-0.468,0.482,-0.157,-0.679,-0.872,-0.275,0.004,0.033,-0.345
1977,-0.168,-0.011,-0.061,-0.096,-0.77,0.119,-0.072,0.234,0.14,0.392,-0.819,-0.545,-1.056,-0.708,0.116,0.154,0.086,0.059
1978,0.092,0.035,-0.125,-0.158,0.315,0.348,-0.117,-0.317,0.516,-0.452,-0.537,0.084,0.303,0.557,0.49,0.021,0.532,0.025
1979,0.227,-0.031,-0.183,0.54,0.43,0.035,-0.2,-0.373,0.424,0.259,0.937,0.252,0.701,0.338,0.165,-0.306,0.246,0.275
1980,0.053,0.065,0.112,-0.345,0.295,0.149,-0.174,0.234,-0.077,-0.023,-0.934,0.571,-0.148,0.463,0.518,0.022,-0.091,0.279
1981,0.18,0.176,0.065,0.192,0.359,0.343,-0.058,-0.025,0.506,-0.342,0.412,0.287,0.692,0.098,0.388,0.242,0.4,-0.446
1982,0.148,-0.035,-0.151,0.299,-0.013,0.246,-0.14,0.133,0.314,0.061,0.523,0.308,-0.893,0.546,0.243,0.107,0.387,0.182
1983,0.091,0.174,0.157,0.294,-0.429,0.32,0.665,-0.375,0.225,0.102,0.556,-0.113,-0.733,-0.442,0.669,0.501,-0.212,0.243
1984,-0.016,0.064,0.191,-0.51,0.112,0.139,0.362,-0.034,-0.316,-0.16,-1.054,-0.006,0.297,0.044,-0.055,0.401,0.072,0.262
1985,0.136,-0.084,-0.13,-0.042,0.635,0.04,-0.396,-0.257,0.053,0.319,-0.498,0.299,0.555,1.05,0.409,-0.102,-0.188,0.39
1986,0.135,-0.015,-0.146,0.445,0.07,0.159,0.024,-0.852,0.378,-0.122,1.079,-0.331,0.556,-0.014,-0.378,0.24,0.614,0.425
1987,-0.01,-0.037,-0.097,0.151,0.045,0.041,-0.539,-0.176,0.144,0.467,-0.157,0.588,-0.429,-0.026,0.164,0.185,-0.226,-0.117
1988,0.075,0.175,0.132,-0.093,0.101,0.114,0.347,0.165,0.303,-0.364,-0.216,-0.86,0.978,0.185,0.408,0.054,-0.119,0.019
1989,0.037,0.346,0.311,-0.003,-0.036,-0.12,0.366,0.55,0.45,-0.313,-0.147,-0.179,0.015,0.056,-0.207,0.091,-0.243,0.005
1990,0.138,0.468,0.512,-0.039,0.185,-0.073,0.706,0.826,0.336,-0.134,-0.318,0.304,0.038,0.213,-0.107,0.122,-0.233,-0.091
1991,0.029,-0.067,-0.024,-0.16,0.356,-0.08,0.141,-0.121,-0.199,0.102,-0.382,0.776,0.121,0.171,-0.283,-0.123,0.167,-0.027
1992,-0.059,0.087,0.049,0.154,-0.449,0.075,-0.182,0.355,0.203,0.313,-0.054,-1.198,-0.264,0.114,0.41,-0.645,0.459,-0.217
1993,-0.081,0.047,0.105,-0.177,0.076,-0.519,0.593,-0.06,-0.128,-0.013,-0.389,-0.242,0.478,-0.008,-0.615,-0.674,-0.268,0.36
1994,-0.076,0.273,0.17,0.027,-0.402,-0.126,0.305,-0.156,0.584,-0.024,-0.478,0.236,-0.925,-0.517,-0.335,-0.099,0.057,0.44
1995,-0.183,0.408,0.441,0.064,-0.765,NA,0.355,0.526,0.311,-0.034,-0.084,-0.591,-0.746,-0.96,-0.33,0.205,NA,-0.668
1996,-0.25,-0.478,-0.432,-0.331,-0.023,-0.194,-0.441,-0.187,-0.616,0,-0.377,0.004,0.125,-0.196,-0.768,0.293,-0.107,-0.731
1997,-0.227,-0.126,-0.186,-0.062,-0.587,-0.264,-0.564,0.736,0.054,-0.018,-0.221,-0.755,-0.31,-0.697,-0.3,-0.388,-0.104,-0.157
1998,0.007,0.096,0.07,-0.184,0.11,-0.074,0.07,0.295,0.174,-0.16,-0.566,0.473,-0.082,-0.062,-0.439,0.17,0.045,0.171
1999,-0.005,0.12,0.141,0.089,-0.265,-0.038,0.207,0.045,0.057,0.217,-0.007,0.422,-0.688,-0.529,-0.062,-0.01,-0.04,0.326
2000,0.133,0.235,0.336,-0.052,-0.05,0.372,0.107,0.575,-0.069,-0.213,0.125,0.552,-0.858,0.156,0.19,0.575,0.35,0.104
2001,-0.016,0.003,0.046,-0.067,0.051,0.071,-0.186,0.219,-0.125,0.369,-0.445,0.209,-0.234,0.179,-0.214,0.532,-0.106,-0.391
2002,0.083,0.163,0.215,0.216,-0.022,-0.133,0.484,0.553,0.007,0.015,0.627,0.365,0.062,-0.493,-0.553,0.052,0.103,-0.226
2003,-0.06,-0.106,-0.082,0.196,-0.208,-0.173,-0.055,0.033,-0.176,-0.127,0.891,-0.059,0.09,-0.656,-0.08,-0.601,0.163,-0.145
2004,0.067,-0.018,-0.047,0.013,0.128,0.143,0.032,-0.028,0.069,0.063,-0.091,0.479,0.068,-0.162,0.368,0.198,-0.138,-0.056
2005,0.02,-0.037,-0.026,0.144,-0.056,0.05,0.21,-0.233,-0.067,0.23,0.268,-0.074,-0.236,0.142,-0.006,0.073,0.083,-0.147
2006,0.091,-0.18,-0.228,0.375,-0.19,0.202,-0.298,-0.239,-0.034,0.314,0.846,-0.042,-0.237,-0.29,-0.068,0.232,0.441,0.47
2007,0.033,0.248,0.355,-0.097,0.027,-0.065,0.432,0.164,-0.073,-0.331,0.114,-0.025,0.478,-0.372,0.01,-0.235,0.029,0.204
2008,0.098,0.328,0.358,-0.168,0.331,0.04,0.573,0.297,0.239,-0.003,-0.739,0.167,0.329,0.496,-0.045,0.285,-0.12,-0.297
2009,0.085,-0.07,-0.125,0.179,0.167,0.097,0.004,-0.081,0.095,-0.028,0.472,-0.314,0.468,0.346,-0.313,0,0.605,-0.238
2010,-0.228,-0.242,-0.305,-0.143,-0.1,-0.24,-0.45,-0.229,-0.052,0.089,-0.465,-0.735,0.303,0.131,-0.14,-0.243,-0.338,-0.607
2011,0.099,-0.195,-0.134,0.042,-0.132,0.294,-0.153,0.359,-0.381,0.019,0.487,0.32,-0.638,-0.078,0.521,0.325,0.036,0.373
2012,0.111,0.089,0.178,-0.144,0.429,0.017,0.127,0.035,-0.18,-0.096,-0.156,0.596,0.39,0.302,0.079,-0.133,0.103,0.27
2013,-0.051,-0.216,-0.068,-0.186,-0.004,-0.036,-0.122,-0.352,-0.661,0.039,0.065,0.023,-0.245,0.21,-0.214,0.343,-0.237,0.538
2014,0.021,0.373,0.505,0.183,-0.319,-0.135,0.329,0.649,-0.022,0.109,0.462,-0.37,-0.839,0.251,-0.605,0.361,-0.16,0.084
2015,0.159,0.075,0.099,0.319,-0.041,-0.011,0.286,-0.072,0.001,0.181,0.775,0.022,0.171,-0.315,-0.248,-0.355,0.571,0.895
2016,0.087,0.297,0.455,-0.139,0.435,-0.155,0.349,0.121,-0.177,0.111,-0.35,0.011,0.7,0.594,0.184,-0.387,-0.26,0.155
2017,0.139,0.093,0.068,0.154,0.125,0.227,-0.119,0.168,0.169,0.301,-0.009,0.235,-0.026,0.166,0.246,0.422,0.014,0.102
2018,-0.147,-0.061,-0.016,-0.199,-0.358,-0.078,0.125,-0.276,-0.196,0.12,-0.523,-0.59,-0.713,0.23,0.159,-0.398,0.005,0.291
2019,0.048,0.209,0.122,0.066,-0.024,0.053,-0.257,0.333,0.47,-0.241,-0.03,-0.062,-0.456,0.446,0.35,0.092,-0.281,0.219
2020,0.079,0.318,0.473,-0.181,0.006,0.085,0.396,0.803,-0.145,-0.22,-0.177,-0.099,0.407,-0.291,-0.391,0.26,0.387,0.016
2021,-0.019,-0.024,-0.059,0.179,-0.215,0.018,-0.25,0.056,0.082,-0.288,0.742,-0.43,-0.218,0.005,-0.13,0.433,-0.249,0.025
2022,0.028,0.118,0.253,-0.068,-0.177,0.128,0.065,0.67,-0.286,-0.278,0.36,-0.165,0.383,-0.75,-0.408,0.308,0.485,-0.052
2023,NA,0.137,0.059,-0.028,-0.134,NA,0.132,0.095,0.371,0.08,-0.535,-0.778,0.4,-0.024,NA,NA,NA,NA
